{"cameraMode":{"drawMode":0,"name":"Shaded","section":"Shading Mode"},"sceneLighting":true,"audioPlay":false,"sceneViewState":{"showFog":true,"showMaterialUpdate":true,"showSkybox":true,"showFlares":true,"showImageEffects":true,"showParticleSystems":true},"in2DMode":false,"pivot":{"x":-6.5310893058776859,"y":6.385367393493652,"z":12.40277099609375},"rotation":{"x":-0.30722275376319888,"y":-0.05904095992445946,"z":0.019114885479211808,"w":-0.949612021446228},"size":-3.1600308418273927,"orthographic":false}