{"cameraMode":{"drawMode":0,"name":"Shaded","section":"Shading Mode"},"sceneLighting":true,"audioPlay":false,"sceneViewState":{"showFog":true,"showMaterialUpdate":true,"showSkybox":true,"showFlares":true,"showImageEffects":true,"showParticleSystems":true},"in2DMode":false,"pivot":{"x":-18.955772399902345,"y":5.690646648406982,"z":14.418456077575684},"rotation":{"x":0.06463199853897095,"y":0.14733096957206727,"z":-0.009661761112511158,"w":0.9869260787963867},"size":75.66700744628906,"orthographic":false}