{"cameraMode":{"drawMode":0,"name":"Shaded","section":"Shading Mode"},"sceneLighting":true,"audioPlay":false,"sceneViewState":{"showFog":true,"showMaterialUpdate":true,"showSkybox":true,"showFlares":true,"showImageEffects":true,"showParticleSystems":true},"in2DMode":false,"pivot":{"x":0.037194252014160159,"y":4.389407634735107,"z":0.40828806161880495},"rotation":{"x":-0.0654485672712326,"y":-0.22260917723178864,"z":-0.014969833195209504,"w":0.9725932478904724},"size":5.615452289581299,"orthographic":false}