{"cameraMode":{"drawMode":0,"name":"Shaded","section":"Shading Mode"},"sceneLighting":true,"audioPlay":false,"sceneViewState":{"showFog":true,"showMaterialUpdate":true,"showSkybox":true,"showFlares":true,"showImageEffects":true,"showParticleSystems":true},"in2DMode":false,"pivot":{"x":-3.6435441970825197,"y":17.599592208862306,"z":-0.6399115324020386},"rotation":{"x":-0.14866796135902406,"y":0.7201341390609741,"z":-0.16285088658332826,"w":-0.6580154895782471},"size":13.051977157592774,"orthographic":false}