{"cameraMode":{"drawMode":0,"name":"Shaded","section":"Shading Mode"},"sceneLighting":true,"audioPlay":false,"sceneViewState":{"showFog":true,"showMaterialUpdate":true,"showSkybox":true,"showFlares":true,"showImageEffects":true,"showParticleSystems":true},"in2DMode":false,"pivot":{"x":-0.05420356243848801,"y":2.1320104598999025,"z":1.3877172470092774},"rotation":{"x":-0.036422453820705417,"y":-0.2009848952293396,"z":-0.007474845740944147,"w":0.9788885116577148},"size":5.387579917907715,"orthographic":false}