{"cameraMode":{"drawMode":0,"name":"Shaded","section":"Shading Mode"},"sceneLighting":true,"audioPlay":false,"sceneViewState":{"showFog":true,"showMaterialUpdate":true,"showSkybox":true,"showFlares":true,"showImageEffects":true,"showParticleSystems":true},"in2DMode":false,"pivot":{"x":-0.21566714346408845,"y":19.845144271850587,"z":0.547661304473877},"rotation":{"x":-0.024250399321317674,"y":0.9752025008201599,"z":-0.1372375637292862,"w":-0.172294482588768},"size":3.5946946144104006,"orthographic":false}