{"cameraMode":{"drawMode":0,"name":"Shaded","section":"Shading Mode"},"sceneLighting":true,"audioPlay":false,"sceneViewState":{"showFog":true,"showMaterialUpdate":true,"showSkybox":true,"showFlares":true,"showImageEffects":true,"showParticleSystems":true},"in2DMode":false,"pivot":{"x":-0.12283328175544739,"y":2.7538399696350099,"z":-0.025052309036254884},"rotation":{"x":0.0929737314581871,"y":-0.6158329844474793,"z":0.07352238148450852,"w":0.7789095640182495},"size":0.7287747263908386,"orthographic":false}